x,z
1086,873
1087,873
1088,873
1089,873
1090,873
1091,873
1092,873
1086,874
1087,874
1088,874
1089,874
1090,874
1091,874
1092,874
1093,874
1078,875
1079,875
1086,875
1087,875
1088,875
1089,875
1090,875
1091,875
1092,875
1093,875
1094,875
1095,875
1096,875
1097,875
1077,876
1078,876
1079,876
1080,876
1081,876
1082,876
1083,876
1084,876
1085,876
1086,876
1087,876
1088,876
1089,876
1090,876
1091,876
1092,876
1093,876
1094,876
1095,876
1096,876
1097,876
1098,876
1099,876
1075,877
1076,877
1077,877
1078,877
1079,877
1081,877
1082,877
1083,877
1084,877
1085,877
1086,877
1087,877
1088,877
1089,877
1090,877
1091,877
1092,877
1093,877
1094,877
1095,877
1096,877
1097,877
1098,877
1099,877
1100,877
1074,878
1075,878
1076,878
1077,878
1078,878
1079,878
1080,878
1081,878
1082,878
1083,878
1084,878
1085,878
1086,878
1087,878
1088,878
1089,878
1090,878
1091,878
1092,878
1093,878
1094,878
1095,878
1096,878
1097,878
1098,878
1099,878
1100,878
1101,878
1073,879
1074,879
1075,879
1076,879
1077,879
1078,879
1079,879
1081,879
1082,879
1083,879
1084,879
1085,879
1086,879
1087,879
1088,879
1089,879
1090,879
1091,879
1092,879
1093,879
1094,879
1095,879
1096,879
1097,879
1098,879
1099,879
1100,879
1101,879
1102,879
1103,879
1104,879
1071,880
1072,880
1073,880
1074,880
1075,880
1076,880
1077,880
1078,880
1079,880
1081,880
1082,880
1083,880
1084,880
1085,880
1086,880
1087,880
1088,880
1089,880
1090,880
1091,880
1092,880
1093,880
1094,880
1095,880
1096,880
1097,880
1098,880
1099,880
1100,880
1101,880
1102,880
1103,880
1104,880
1105,880
1106,880
1107,880
1108,880
1109,880
1070,881
1071,881
1072,881
1073,881
1074,881
1075,881
1076,881
1077,881
1078,881
1080,881
1081,881
1082,881
1083,881
1084,881
1085,881
1086,881
1087,881
1088,881
1089,881
1090,881
1091,881
1092,881
1093,881
1094,881
1095,881
1096,881
1097,881
1098,881
1099,881
1100,881
1101,881
1102,881
1103,881
1104,881
1105,881
1106,881
1107,881
1108,881
1109,881
1110,881
1111,881
1069,882
1070,882
1071,882
1072,882
1073,882
1074,882
1075,882
1076,882
1077,882
1078,882
1080,882
1081,882
1082,882
1083,882
1084,882
1085,882
1086,882
1087,882
1088,882
1089,882
1090,882
1091,882
1092,882
1093,882
1094,882
1095,882
1096,882
1097,882
1098,882
1099,882
1100,882
1101,882
1102,882
1103,882
1104,882
1105,882
1106,882
1107,882
1108,882
1109,882
1110,882
1111,882
1069,883
1070,883
1071,883
1072,883
1073,883
1074,883
1075,883
1076,883
1077,883
1078,883
1080,883
1081,883
1082,883
1083,883
1084,883
1085,883
1086,883
1087,883
1088,883
1089,883
1090,883
1091,883
1092,883
1093,883
1094,883
1095,883
1096,883
1097,883
1098,883
1099,883
1100,883
1101,883
1102,883
1103,883
1104,883
1107,883
1108,883
1109,883
1110,883
1111,883
1112,883
1069,884
1070,884
1071,884
1072,884
1073,884
1074,884
1075,884
1076,884
1079,884
1080,884
1081,884
1082,884
1083,884
1084,884
1085,884
1086,884
1087,884
1088,884
1089,884
1090,884
1091,884
1092,884
1093,884
1094,884
1095,884
1096,884
1097,884
1098,884
1099,884
1100,884
1101,884
1102,884
1103,884
1104,884
1106,884
1107,884
1108,884
1109,884
1110,884
1111,884
1112,884
1113,884
1069,885
1071,885
1077,885
1078,885
1079,885
1080,885
1081,885
1082,885
1083,885
1084,885
1085,885
1086,885
1087,885
1088,885
1089,885
1090,885
1091,885
1092,885
1093,885
1094,885
1095,885
1096,885
1097,885
1098,885
1099,885
1100,885
1101,885
1102,885
1103,885
1104,885
1106,885
1107,885
1108,885
1109,885
1110,885
1111,885
1112,885
1113,885
1114,885
1068,886
1069,886
1070,886
1071,886
1075,886
1076,886
1077,886
1078,886
1079,886
1080,886
1081,886
1082,886
1083,886
1084,886
1085,886
1086,886
1087,886
1088,886
1089,886
1090,886
1091,886
1092,886
1093,886
1094,886
1095,886
1096,886
1097,886
1098,886
1099,886
1100,886
1101,886
1102,886
1103,886
1104,886
1106,886
1107,886
1108,886
1109,886
1110,886
1111,886
1112,886
1113,886
1114,886
1068,887
1069,887
1070,887
1071,887
1072,887
1073,887
1074,887
1075,887
1076,887
1077,887
1078,887
1079,887
1080,887
1081,887
1082,887
1083,887
1084,887
1085,887
1086,887
1087,887
1088,887
1089,887
1090,887
1091,887
1092,887
1093,887
1094,887
1095,887
1096,887
1097,887
1098,887
1099,887
1100,887
1101,887
1102,887
1103,887
1104,887
1106,887
1107,887
1108,887
1109,887
1110,887
1111,887
1112,887
1113,887
1114,887
1115,887
1068,888
1069,888
1070,888
1071,888
1072,888
1073,888
1074,888
1075,888
1076,888
1077,888
1078,888
1079,888
1080,888
1081,888
1082,888
1083,888
1084,888
1085,888
1086,888
1087,888
1088,888
1089,888
1090,888
1091,888
1092,888
1093,888
1094,888
1095,888
1096,888
1097,888
1098,888
1099,888
1100,888
1101,888
1102,888
1103,888
1104,888
1105,888
1108,888
1109,888
1110,888
1111,888
1112,888
1113,888
1114,888
1115,888
1117,888
1068,889
1069,889
1070,889
1071,889
1072,889
1073,889
1074,889
1075,889
1076,889
1077,889
1078,889
1079,889
1080,889
1081,889
1082,889
1083,889
1084,889
1085,889
1086,889
1087,889
1088,889
1089,889
1090,889
1091,889
1092,889
1093,889
1094,889
1095,889
1096,889
1097,889
1098,889
1099,889
1100,889
1101,889
1102,889
1103,889
1104,889
1105,889
1106,889
1108,889
1109,889
1110,889
1111,889
1112,889
1114,889
1067,890
1068,890
1069,890
1070,890
1071,890
1072,890
1073,890
1074,890
1075,890
1076,890
1077,890
1078,890
1079,890
1080,890
1081,890
1082,890
1083,890
1084,890
1085,890
1086,890
1087,890
1088,890
1089,890
1090,890
1091,890
1092,890
1093,890
1094,890
1095,890
1096,890
1097,890
1098,890
1099,890
1100,890
1101,890
1103,890
1104,890
1105,890
1106,890
1108,890
1109,890
1110,890
1112,890
1113,890
1067,891
1068,891
1069,891
1070,891
1071,891
1072,891
1073,891
1074,891
1075,891
1076,891
1077,891
1078,891
1079,891
1080,891
1081,891
1082,891
1083,891
1084,891
1085,891
1086,891
1087,891
1088,891
1089,891
1090,891
1091,891
1092,891
1093,891
1094,891
1095,891
1096,891
1097,891
1098,891
1099,891
1100,891
1101,891
1102,891
1103,891
1104,891
1105,891
1106,891
1107,891
1112,891
1113,891
1066,892
1067,892
1068,892
1069,892
1070,892
1071,892
1072,892
1073,892
1074,892
1075,892
1076,892
1077,892
1078,892
1079,892
1080,892
1081,892
1082,892
1083,892
1084,892
1085,892
1086,892
1087,892
1088,892
1089,892
1090,892
1091,892
1092,892
1093,892
1094,892
1095,892
1096,892
1097,892
1098,892
1099,892
1100,892
1101,892
1102,892
1103,892
1104,892
1105,892
1106,892
1107,892
1108,892
1109,892
1110,892
1111,892
1112,892
1113,892
1065,893
1066,893
1067,893
1068,893
1070,893
1071,893
1072,893
1073,893
1074,893
1075,893
1076,893
1077,893
1078,893
1079,893
1080,893
1081,893
1082,893
1083,893
1084,893
1085,893
1086,893
1087,893
1088,893
1089,893
1090,893
1091,893
1092,893
1093,893
1094,893
1095,893
1096,893
1097,893
1098,893
1099,893
1100,893
1101,893
1102,893
1103,893
1104,893
1105,893
1106,893
1107,893
1108,893
1109,893
1110,893
1111,893
1112,893
1113,893
1114,893
1064,894
1065,894
1066,894
1067,894
1068,894
1069,894
1070,894
1071,894
1072,894
1073,894
1074,894
1075,894
1076,894
1077,894
1078,894
1079,894
1080,894
1081,894
1082,894
1083,894
1084,894
1085,894
1086,894
1087,894
1088,894
1089,894
1090,894
1091,894
1092,894
1093,894
1094,894
1095,894
1096,894
1097,894
1098,894
1099,894
1100,894
1101,894
1102,894
1103,894
1104,894
1105,894
1106,894
1107,894
1108,894
1109,894
1110,894
1111,894
1112,894
1113,894
1114,894
1063,895
1064,895
1065,895
1066,895
1067,895
1068,895
1069,895
1070,895
1071,895
1072,895
1073,895
1074,895
1075,895
1076,895
1077,895
1078,895
1079,895
1080,895
1081,895
1082,895
1083,895
1084,895
1085,895
1086,895
1087,895
1088,895
1089,895
1090,895
1091,895
1092,895
1093,895
1094,895
1095,895
1096,895
1097,895
1098,895
1099,895
1100,895
1101,895
1102,895
1103,895
1104,895
1105,895
1106,895
1107,895
1108,895
1109,895
1110,895
1111,895
1112,895
1113,895
1114,895
1063,896
1064,896
1065,896
1066,896
1067,896
1068,896
1069,896
1070,896
1071,896
1072,896
1073,896
1074,896
1075,896
1076,896
1077,896
1078,896
1079,896
1080,896
1081,896
1082,896
1083,896
1084,896
1085,896
1086,896
1087,896
1088,896
1089,896
1090,896
1091,896
1092,896
1093,896
1094,896
1095,896
1096,896
1097,896
1098,896
1099,896
1100,896
1101,896
1102,896
1103,896
1104,896
1105,896
1106,896
1107,896
1108,896
1109,896
1110,896
1111,896
1112,896
1113,896
1114,896
1064,897
1065,897
1066,897
1067,897
1068,897
1069,897
1070,897
1071,897
1072,897
1073,897
1074,897
1075,897
1076,897
1077,897
1078,897
1079,897
1080,897
1081,897
1082,897
1083,897
1084,897
1085,897
1086,897
1087,897
1088,897
1089,897
1090,897
1091,897
1092,897
1093,897
1094,897
1095,897
1096,897
1097,897
1098,897
1099,897
1100,897
1101,897
1102,897
1103,897
1104,897
1105,897
1106,897
1107,897
1108,897
1109,897
1110,897
1111,897
1112,897
1113,897
1064,898
1065,898
1066,898
1067,898
1068,898
1069,898
1070,898
1071,898
1072,898
1073,898
1074,898
1075,898
1076,898
1077,898
1078,898
1079,898
1080,898
1081,898
1082,898
1083,898
1084,898
1085,898
1086,898
1087,898
1088,898
1089,898
1090,898
1091,898
1092,898
1093,898
1094,898
1095,898
1096,898
1097,898
1098,898
1099,898
1100,898
1101,898
1102,898
1103,898
1104,898
1105,898
1106,898
1107,898
1108,898
1109,898
1110,898
1111,898
1112,898
1064,899
1065,899
1066,899
1067,899
1068,899
1069,899
1070,899
1071,899
1072,899
1073,899
1074,899
1075,899
1076,899
1077,899
1078,899
1079,899
1080,899
1081,899
1082,899
1083,899
1084,899
1085,899
1086,899
1087,899
1088,899
1089,899
1090,899
1091,899
1092,899
1093,899
1094,899
1095,899
1096,899
1097,899
1098,899
1099,899
1100,899
1101,899
1102,899
1103,899
1104,899
1105,899
1106,899
1107,899
1108,899
1109,899
1110,899
1111,899
1112,899
1063,900
1064,900
1065,900
1066,900
1067,900
1068,900
1069,900
1070,900
1071,900
1072,900
1073,900
1074,900
1075,900
1076,900
1077,900
1078,900
1079,900
1080,900
1081,900
1082,900
1083,900
1084,900
1085,900
1086,900
1087,900
1088,900
1089,900
1090,900
1091,900
1092,900
1093,900
1094,900
1095,900
1096,900
1097,900
1098,900
1099,900
1100,900
1101,900
1102,900
1103,900
1104,900
1105,900
1106,900
1107,900
1108,900
1109,900
1110,900
1111,900
1112,900
1064,901
1065,901
1066,901
1067,901
1068,901
1069,901
1070,901
1071,901
1072,901
1073,901
1074,901
1075,901
1076,901
1077,901
1078,901
1079,901
1080,901
1081,901
1082,901
1083,901
1084,901
1085,901
1086,901
1087,901
1088,901
1089,901
1090,901
1091,901
1092,901
1093,901
1094,901
1095,901
1096,901
1097,901
1098,901
1099,901
1100,901
1101,901
1102,901
1103,901
1104,901
1105,901
1106,901
1107,901
1108,901
1109,901
1110,901
1111,901
1065,902
1066,902
1067,902
1068,902
1069,902
1070,902
1071,902
1072,902
1073,902
1074,902
1075,902
1076,902
1077,902
1078,902
1079,902
1080,902
1081,902
1082,902
1083,902
1084,902
1085,902
1086,902
1087,902
1088,902
1089,902
1090,902
1091,902
1092,902
1093,902
1094,902
1095,902
1096,902
1097,902
1098,902
1099,902
1100,902
1101,902
1102,902
1103,902
1104,902
1105,902
1106,902
1107,902
1108,902
1109,902
1110,902
1111,902
1065,903
1066,903
1067,903
1068,903
1069,903
1070,903
1071,903
1072,903
1073,903
1074,903
1075,903
1076,903
1077,903
1078,903
1079,903
1080,903
1081,903
1082,903
1083,903
1084,903
1085,903
1086,903
1087,903
1088,903
1089,903
1090,903
1091,903
1092,903
1093,903
1094,903
1095,903
1096,903
1097,903
1098,903
1099,903
1100,903
1101,903
1102,903
1103,903
1104,903
1105,903
1106,903
1107,903
1108,903
1109,903
1110,903
1111,903
1066,904
1067,904
1068,904
1069,904
1070,904
1071,904
1072,904
1073,904
1074,904
1075,904
1076,904
1077,904
1078,904
1079,904
1080,904
1081,904
1082,904
1083,904
1084,904
1085,904
1086,904
1087,904
1088,904
1089,904
1090,904
1091,904
1092,904
1093,904
1094,904
1095,904
1096,904
1097,904
1098,904
1099,904
1100,904
1101,904
1102,904
1103,904
1104,904
1105,904
1106,904
1107,904
1108,904
1109,904
1110,904
1111,904
1112,904
1067,905
1068,905
1069,905
1070,905
1071,905
1072,905
1073,905
1074,905
1075,905
1076,905
1077,905
1078,905
1079,905
1080,905
1081,905
1082,905
1083,905
1084,905
1085,905
1086,905
1087,905
1088,905
1089,905
1090,905
1091,905
1092,905
1093,905
1094,905
1095,905
1096,905
1097,905
1098,905
1099,905
1100,905
1101,905
1102,905
1103,905
1104,905
1105,905
1106,905
1107,905
1108,905
1109,905
1110,905
1111,905
1112,905
1067,906
1068,906
1069,906
1070,906
1071,906
1072,906
1073,906
1074,906
1075,906
1076,906
1077,906
1078,906
1079,906
1080,906
1081,906
1082,906
1083,906
1084,906
1085,906
1086,906
1087,906
1088,906
1089,906
1090,906
1091,906
1092,906
1093,906
1094,906
1095,906
1096,906
1097,906
1098,906
1099,906
1100,906
1101,906
1102,906
1103,906
1104,906
1105,906
1106,906
1107,906
1108,906
1109,906
1110,906
1111,906
1112,906
1067,907
1068,907
1069,907
1070,907
1071,907
1072,907
1073,907
1074,907
1075,907
1076,907
1077,907
1078,907
1079,907
1080,907
1081,907
1082,907
1083,907
1084,907
1085,907
1086,907
1087,907
1088,907
1089,907
1090,907
1091,907
1092,907
1093,907
1094,907
1095,907
1096,907
1097,907
1098,907
1099,907
1100,907
1101,907
1102,907
1103,907
1104,907
1105,907
1106,907
1107,907
1108,907
1109,907
1110,907
1111,907
1112,907
1068,908
1069,908
1071,908
1072,908
1073,908
1074,908
1075,908
1076,908
1077,908
1078,908
1079,908
1080,908
1081,908
1082,908
1083,908
1084,908
1085,908
1086,908
1092,908
1093,908
1094,908
1095,908
1096,908
1097,908
1098,908
1099,908
1100,908
1101,908
1102,908
1103,908
1104,908
1105,908
1106,908
1107,908
1108,908
1109,908
1110,908
1111,908
1112,908
1069,909
1070,909
1071,909
1072,909
1073,909
1074,909
1075,909
1076,909
1077,909
1078,909
1079,909
1082,909
1083,909
1084,909
1085,909
1086,909
1092,909
1093,909
1094,909
1095,909
1096,909
1097,909
1098,909
1099,909
1100,909
1101,909
1102,909
1103,909
1104,909
1105,909
1106,909
1107,909
1108,909
1109,909
1110,909
1111,909
1112,909
1069,910
1070,910
1071,910
1072,910
1073,910
1074,910
1075,910
1076,910
1077,910
1078,910
1079,910
1080,910
1081,910
1082,910
1083,910
1084,910
1085,910
1086,910
1092,910
1093,910
1094,910
1095,910
1096,910
1097,910
1098,910
1099,910
1100,910
1101,910
1102,910
1103,910
1104,910
1105,910
1106,910
1107,910
1108,910
1109,910
1110,910
1111,910
1069,911
1070,911
1071,911
1072,911
1073,911
1074,911
1075,911
1076,911
1077,911
1078,911
1079,911
1080,911
1081,911
1082,911
1083,911
1084,911
1085,911
1086,911
1092,911
1093,911
1094,911
1095,911
1096,911
1097,911
1100,911
1101,911
1102,911
1103,911
1104,911
1105,911
1106,911
1107,911
1108,911
1109,911
1110,911
1069,912
1070,912
1071,912
1072,912
1073,912
1074,912
1075,912
1076,912
1077,912
1078,912
1079,912
1080,912
1081,912
1082,912
1083,912
1084,912
1085,912
1086,912
1092,912
1093,912
1094,912
1095,912
1096,912
1097,912
1098,912
1099,912
1100,912
1101,912
1102,912
1103,912
1104,912
1105,912
1106,912
1107,912
1108,912
1109,912
1110,912
1071,913
1072,913
1073,913
1074,913
1075,913
1076,913
1077,913
1078,913
1079,913
1080,913
1081,913
1082,913
1083,913
1084,913
1085,913
1086,913
1092,913
1093,913
1094,913
1095,913
1096,913
1097,913
1098,913
1099,913
1100,913
1101,913
1102,913
1103,913
1104,913
1105,913
1107,913
1108,913
1109,913
1074,914
1075,914
1076,914
1077,914
1078,914
1079,914
1080,914
1087,914
1098,914
1099,914
1100,914
1101,914
1102,914
1103,914
1104,914
1105,914
1106,914
1107,914
1108,914
1076,915
1077,915
1078,915
1079,915
1080,915
1082,915
1083,915
1084,915
1085,915
1086,915
1087,915
1088,915
1089,915
1090,915
1091,915
1092,915
1093,915
1094,915
1098,915
1099,915
1100,915
1101,915
1102,915
1108,915
1076,916
1077,916
1078,916
1079,916
1080,916
1082,916
1083,916
1084,916
1085,916
1086,916
1088,916
1089,916
1090,916
1091,916
1093,916
1094,916
1095,916
1096,916
1098,916
1099,916
1100,916
1101,916
1089,917
1093,917
1094,917
1095,917
1096,917
1100,917
1095,918
