shelter,x,y,z,block
0,1080,15,877,minecraft:nether_bricks
0,1080,15,879,minecraft:nether_brick_slab[type=top,waterlogged=false]
0,1080,15,880,minecraft:nether_bricks
0,1079,15,881,minecraft:nether_brick_slab[type=top,waterlogged=false]
0,1079,15,882,minecraft:nether_bricks
1,1106,15,883,minecraft:nether_bricks
0,1077,15,884,minecraft:nether_bricks
1,1105,15,884,minecraft:nether_brick_slab[type=bottom,waterlogged=false]
0,1070,15,885,minecraft:nether_bricks
0,1073,15,885,minecraft:nether_bricks
0,1075,15,885,minecraft:nether_bricks
0,1076,15,885,minecraft:nether_brick_slab[type=bottom,waterlogged=false]
1,1105,15,885,minecraft:nether_brick_slab[type=top,waterlogged=false]
0,1072,15,886,minecraft:nether_brick_slab[type=bottom,waterlogged=false]
0,1074,15,886,minecraft:nether_brick_slab[type=bottom,waterlogged=false]
1,1105,15,886,minecraft:nether_bricks
1,1105,15,887,minecraft:nether_brick_slab[type=bottom,waterlogged=false]
1,1106,15,888,minecraft:nether_brick_slab[type=double,waterlogged=false]
1,1107,15,889,minecraft:nether_bricks
1,1113,15,889,minecraft:nether_bricks
1,1107,15,890,minecraft:nether_brick_slab[type=top,waterlogged=false]
1,1111,15,890,minecraft:nether_brick_slab[type=double,waterlogged=false]
1,1108,15,891,minecraft:nether_brick_slab[type=double,waterlogged=false]
1,1110,15,891,minecraft:nether_brick_slab[type=bottom,waterlogged=false]
0,1078,16,874,minecraft:nether_bricks
0,1080,16,877,minecraft:nether_bricks
1,1105,16,878,minecraft:nether_brick_slab[type=bottom,waterlogged=false]
1,1105,16,879,minecraft:nether_bricks
0,1080,16,880,minecraft:nether_bricks
0,1079,16,881,minecraft:nether_brick_slab[type=top,waterlogged=false]
0,1079,16,882,minecraft:nether_bricks
0,1079,16,883,minecraft:nether_brick_slab[type=bottom,waterlogged=false]
1,1105,16,883,minecraft:nether_brick_slab[type=bottom,waterlogged=false]
1,1106,16,883,minecraft:nether_bricks
0,1077,16,884,minecraft:nether_bricks
0,1078,16,884,minecraft:nether_brick_slab[type=top,waterlogged=false]
1,1105,16,884,minecraft:nether_brick_slab[type=top,waterlogged=false]
0,1070,16,885,minecraft:nether_bricks
0,1072,16,885,minecraft:nether_brick_slab[type=bottom,waterlogged=false]
0,1073,16,885,minecraft:nether_bricks
0,1074,16,885,minecraft:nether_brick_slab[type=bottom,waterlogged=false]
0,1075,16,885,minecraft:nether_bricks
0,1076,16,885,minecraft:nether_brick_slab[type=top,waterlogged=false]
1,1105,16,885,minecraft:nether_brick_slab[type=top,waterlogged=false]
0,1073,16,886,minecraft:nether_brick_slab[type=bottom,waterlogged=false]
1,1105,16,886,minecraft:nether_bricks
1,1105,16,887,minecraft:nether_brick_slab[type=top,waterlogged=false]
1,1106,16,888,minecraft:nether_brick_slab[type=top,waterlogged=false]
1,1107,16,888,minecraft:nether_brick_slab[type=top,waterlogged=false]
1,1107,16,889,minecraft:nether_brick_slab[type=bottom,waterlogged=false]
1,1113,16,889,minecraft:nether_bricks
1,1107,16,890,minecraft:nether_brick_slab[type=double,waterlogged=false]
1,1111,16,890,minecraft:nether_brick_slab[type=bottom,waterlogged=false]
1,1116,16,890,minecraft:nether_bricks
1,1108,16,891,minecraft:nether_brick_slab[type=double,waterlogged=false]
1,1109,16,891,minecraft:nether_brick_slab[type=bottom,waterlogged=false]
1,1110,16,891,minecraft:nether_brick_slab[type=double,waterlogged=false]
1,1111,16,891,minecraft:nether_brick_slab[type=bottom,waterlogged=false]
0,1078,17,874,minecraft:nether_bricks
0,1079,17,877,minecraft:nether_bricks
1,1107,17,877,minecraft:nether_brick_slab[type=bottom,waterlogged=false]
1,1108,17,877,minecraft:nether_bricks
0,1080,17,879,minecraft:nether_brick_slab[type=double,waterlogged=false]
1,1105,17,879,minecraft:nether_bricks
0,1080,17,880,minecraft:nether_bricks
0,1079,17,881,minecraft:nether_brick_slab[type=bottom,waterlogged=false]
1,1106,17,881,minecraft:nether_brick_slab[type=top,waterlogged=false]
0,1079,17,882,minecraft:nether_bricks
0,1079,17,883,minecraft:nether_brick_slab[type=double,waterlogged=false]
1,1106,17,883,minecraft:nether_bricks
0,1077,17,884,minecraft:nether_bricks
0,1078,17,884,minecraft:nether_brick_slab[type=double,waterlogged=false]
1,1106,17,884,minecraft:nether_brick_slab[type=bottom,waterlogged=false]
0,1070,17,885,minecraft:nether_bricks
0,1071,17,885,minecraft:nether_brick_slab[type=bottom,waterlogged=false]
0,1072,17,885,minecraft:nether_brick_slab[type=double,waterlogged=false]
0,1073,17,885,minecraft:nether_brick_slab[type=top,waterlogged=false]
0,1074,17,885,minecraft:nether_brick_slab[type=double,waterlogged=false]
0,1075,17,885,minecraft:nether_bricks
0,1076,17,885,minecraft:nether_brick_slab[type=double,waterlogged=false]
1,1105,17,885,minecraft:nether_brick_slab[type=top,waterlogged=false]
0,1073,17,886,minecraft:nether_brick_slab[type=top,waterlogged=false]
1,1105,17,886,minecraft:nether_bricks
1,1106,17,886,minecraft:nether_brick_slab[type=top,waterlogged=false]
1,1105,17,887,minecraft:nether_brick_slab[type=bottom,waterlogged=false]
1,1106,17,887,minecraft:nether_brick_slab[type=top,waterlogged=false]
1,1106,17,888,minecraft:nether_brick_slab[type=double,waterlogged=false]
1,1106,17,889,minecraft:nether_brick_slab[type=top,waterlogged=false]
1,1107,17,889,minecraft:nether_bricks
1,1112,17,889,minecraft:nether_brick_slab[type=bottom,waterlogged=false]
1,1113,17,889,minecraft:nether_bricks
1,1114,17,889,minecraft:nether_brick_slab[type=top,waterlogged=false]
1,1107,17,890,minecraft:nether_brick_slab[type=double,waterlogged=false]
1,1111,17,890,minecraft:nether_brick_slab[type=bottom,waterlogged=false]
1,1112,17,890,minecraft:nether_brick_slab[type=bottom,waterlogged=false]
1,1116,17,890,minecraft:nether_bricks
1,1108,17,891,minecraft:nether_brick_slab[type=top,waterlogged=false]
1,1109,17,891,minecraft:nether_brick_slab[type=double,waterlogged=false]
1,1110,17,891,minecraft:nether_bricks
1,1111,17,891,minecraft:nether_brick_slab[type=bottom,waterlogged=false]
0,1078,18,874,minecraft:nether_bricks
0,1079,18,877,minecraft:nether_bricks
1,1107,18,877,minecraft:nether_brick_slab[type=top,waterlogged=false]
1,1108,18,877,minecraft:nether_bricks
1,1106,18,878,minecraft:nether_brick_slab[type=bottom,waterlogged=false]
0,1079,18,879,minecraft:nether_brick_slab[type=top,waterlogged=false]
1,1106,18,879,minecraft:nether_bricks
0,1079,18,880,minecraft:nether_bricks
1,1106,18,880,minecraft:nether_brick_slab[type=bottom,waterlogged=false]
0,1078,18,881,minecraft:nether_bricks
0,1078,18,882,minecraft:nether_brick_slab[type=top,waterlogged=false]
1,1106,18,882,minecraft:nether_brick_slab[type=bottom,waterlogged=false]
0,1076,18,883,minecraft:nether_bricks
0,1077,18,883,minecraft:nether_brick_slab[type=bottom,waterlogged=false]
0,1078,18,883,minecraft:nether_brick_slab[type=bottom,waterlogged=false]
1,1107,18,883,minecraft:nether_bricks
0,1068,18,884,minecraft:nether_brick_slab[type=top,waterlogged=false]
0,1069,18,884,minecraft:nether_brick_slab[type=top,waterlogged=false]
0,1070,18,884,minecraft:nether_bricks
0,1071,18,884,minecraft:nether_brick_slab[type=top,waterlogged=false]
0,1073,18,884,minecraft:nether_bricks
0,1074,18,884,minecraft:nether_brick_slab[type=top,waterlogged=false]
0,1075,18,884,minecraft:nether_bricks
0,1076,18,884,minecraft:nether_brick_slab[type=bottom,waterlogged=false]
0,1074,18,885,minecraft:nether_brick_slab[type=bottom,waterlogged=false]
1,1106,18,885,minecraft:nether_brick_slab[type=bottom,waterlogged=false]
1,1106,18,886,minecraft:nether_bricks
1,1107,18,887,minecraft:nether_brick_slab[type=bottom,waterlogged=false]
1,1107,18,888,minecraft:nether_bricks
1,1108,18,888,minecraft:nether_brick_slab[type=top,waterlogged=false]
1,1112,18,888,minecraft:nether_brick_slab[type=top,waterlogged=false]
1,1113,18,888,minecraft:nether_bricks
1,1107,18,889,minecraft:nether_brick_slab[type=bottom,waterlogged=false]
1,1108,18,889,minecraft:nether_brick_slab[type=bottom,waterlogged=false]
1,1116,18,889,minecraft:nether_bricks
1,1108,18,890,minecraft:nether_brick_slab[type=bottom,waterlogged=false]
1,1109,18,890,minecraft:nether_brick_slab[type=bottom,waterlogged=false]
1,1110,18,890,minecraft:nether_bricks
1,1111,18,890,minecraft:nether_brick_slab[type=bottom,waterlogged=false]
0,1078,19,874,minecraft:nether_brick_slab[type=double,waterlogged=false]
0,1078,19,875,minecraft:nether_brick_slab[type=top,waterlogged=false]
0,1079,19,875,minecraft:nether_brick_slab[type=bottom,waterlogged=false]
0,1079,19,876,minecraft:nether_brick_slab[type=bottom,waterlogged=false]
0,1079,19,877,minecraft:nether_bricks
1,1109,19,877,minecraft:nether_bricks
1,1110,19,877,minecraft:nether_brick_slab[type=top,waterlogged=false]
0,1079,19,878,minecraft:nether_brick_slab[type=top,waterlogged=false]
1,1108,19,878,minecraft:nether_brick_slab[type=top,waterlogged=false]
1,1110,19,878,minecraft:nether_brick_slab[type=top,waterlogged=false]
1,1107,19,879,minecraft:nether_brick_slab[type=bottom,waterlogged=false]
0,1078,19,880,minecraft:nether_brick_slab[type=top,waterlogged=false]
1,1108,19,880,minecraft:nether_brick_slab[type=bottom,waterlogged=false]
1,1109,19,880,minecraft:nether_brick_slab[type=top,waterlogged=false]
1,1110,19,880,minecraft:nether_brick_slab[type=top,waterlogged=false]
0,1078,19,881,minecraft:nether_bricks
1,1107,19,881,minecraft:nether_brick_slab[type=bottom,waterlogged=false]
0,1078,19,882,minecraft:nether_brick_slab[type=top,waterlogged=false]
1,1107,19,882,minecraft:nether_brick_slab[type=bottom,waterlogged=false]
1,1109,19,882,minecraft:nether_brick_slab[type=top,waterlogged=false]
0,1070,19,883,minecraft:nether_brick_slab[type=top,waterlogged=false]
0,1073,19,883,minecraft:nether_brick_slab[type=top,waterlogged=false]
0,1075,19,883,minecraft:nether_brick_slab[type=top,waterlogged=false]
0,1076,19,883,minecraft:nether_bricks
0,1077,19,883,minecraft:nether_brick_slab[type=double,waterlogged=false]
1,1108,19,883,minecraft:nether_brick_slab[type=bottom,waterlogged=false]
1,1109,19,883,minecraft:nether_brick_slab[type=top,waterlogged=false]
0,1070,19,884,minecraft:nether_bricks
0,1072,19,884,minecraft:nether_brick_slab[type=top,waterlogged=false]
0,1073,19,884,minecraft:nether_bricks
1,1107,19,884,minecraft:nether_brick_slab[type=bottom,waterlogged=false]
1,1108,19,885,minecraft:nether_brick_slab[type=top,waterlogged=false]
1,1113,19,885,minecraft:nether_brick_slab[type=top,waterlogged=false]
1,1116,19,885,minecraft:nether_brick_slab[type=top,waterlogged=false]
1,1107,19,886,minecraft:nether_brick_slab[type=bottom,waterlogged=false]
1,1108,19,886,minecraft:nether_brick_slab[type=top,waterlogged=false]
1,1113,19,886,minecraft:nether_brick_slab[type=bottom,waterlogged=false]
1,1114,19,886,minecraft:nether_brick_slab[type=bottom,waterlogged=false]
1,1116,19,886,minecraft:nether_brick_slab[type=top,waterlogged=false]
1,1108,19,887,minecraft:nether_brick_slab[type=bottom,waterlogged=false]
1,1109,19,887,minecraft:nether_brick_slab[type=top,waterlogged=false]
1,1110,19,887,minecraft:nether_brick_slab[type=top,waterlogged=false]
1,1113,19,887,minecraft:nether_brick_slab[type=bottom,waterlogged=false]
1,1116,19,887,minecraft:nether_brick_slab[type=bottom,waterlogged=false]
1,1109,19,888,minecraft:nether_brick_slab[type=top,waterlogged=false]
1,1110,19,888,minecraft:nether_bricks
1,1115,19,888,minecraft:nether_brick_slab[type=bottom,waterlogged=false]
1,1116,19,888,minecraft:nether_brick_slab[type=bottom,waterlogged=false]
1,1109,19,889,minecraft:nether_brick_slab[type=bottom,waterlogged=false]
1,1110,19,889,minecraft:nether_brick_slab[type=bottom,waterlogged=false]
0,1079,20,876,minecraft:nether_brick_slab[type=bottom,waterlogged=false]
0,1072,20,877,minecraft:nether_brick_slab[type=top,waterlogged=false]
0,1073,20,877,minecraft:nether_brick_slab[type=top,waterlogged=false]
0,1074,20,877,minecraft:nether_brick_slab[type=top,waterlogged=false]
0,1075,20,877,minecraft:nether_brick_slab[type=top,waterlogged=false]
0,1076,20,877,minecraft:nether_brick_slab[type=top,waterlogged=false]
0,1077,20,877,minecraft:nether_brick_slab[type=top,waterlogged=false]
0,1078,20,877,minecraft:nether_brick_slab[type=top,waterlogged=false]
0,1079,20,877,minecraft:nether_brick_slab[type=bottom,waterlogged=false]
0,1078,20,878,minecraft:nether_brick_slab[type=bottom,waterlogged=false]
1,1111,20,878,minecraft:nether_brick_slab[type=bottom,waterlogged=false]
0,1076,20,879,minecraft:nether_brick_slab[type=top,waterlogged=false]
0,1077,20,879,minecraft:nether_brick_slab[type=double,waterlogged=false]
0,1078,20,879,minecraft:nether_brick_slab[type=bottom,waterlogged=false]
1,1109,20,879,minecraft:nether_brick_slab[type=bottom,waterlogged=false]
1,1111,20,879,minecraft:nether_brick_slab[type=bottom,waterlogged=false]
1,1112,20,879,minecraft:nether_brick_slab[type=bottom,waterlogged=false]
1,1113,20,879,minecraft:nether_brick_slab[type=bottom,waterlogged=false]
0,1074,20,880,minecraft:nether_brick_slab[type=top,waterlogged=false]
0,1077,20,880,minecraft:nether_brick_slab[type=top,waterlogged=false]
1,1113,20,880,minecraft:nether_brick_slab[type=top,waterlogged=false]
1,1114,20,880,minecraft:nether_brick_slab[type=top,waterlogged=false]
0,1073,20,881,minecraft:nether_brick_slab[type=top,waterlogged=false]
0,1075,20,881,minecraft:nether_brick_slab[type=top,waterlogged=false]
0,1077,20,881,minecraft:nether_brick_slab[type=top,waterlogged=false]
0,1078,20,881,minecraft:nether_brick_slab[type=bottom,waterlogged=false]
1,1110,20,881,minecraft:nether_brick_slab[type=bottom,waterlogged=false]
1,1112,20,881,minecraft:nether_brick_slab[type=top,waterlogged=false]
1,1113,20,881,minecraft:nether_brick_slab[type=top,waterlogged=false]
1,1115,20,881,minecraft:nether_brick_slab[type=top,waterlogged=false]
0,1069,20,882,minecraft:nether_brick_slab[type=top,waterlogged=false]
0,1073,20,882,minecraft:nether_brick_slab[type=double,waterlogged=false]
0,1075,20,882,minecraft:nether_brick_slab[type=top,waterlogged=false]
0,1077,20,882,minecraft:nether_brick_slab[type=bottom,waterlogged=false]
1,1110,20,882,minecraft:nether_brick_slab[type=bottom,waterlogged=false]
1,1111,20,882,minecraft:nether_brick_slab[type=bottom,waterlogged=false]
1,1113,20,882,minecraft:nether_brick_slab[type=top,waterlogged=false]
1,1114,20,882,minecraft:nether_brick_slab[type=top,waterlogged=false]
1,1115,20,882,minecraft:nether_brick_slab[type=bottom,waterlogged=false]
0,1069,20,883,minecraft:nether_brick_slab[type=bottom,waterlogged=false]
0,1070,20,883,minecraft:nether_brick_slab[type=bottom,waterlogged=false]
0,1071,20,883,minecraft:nether_brick_slab[type=double,waterlogged=false]
0,1074,20,883,minecraft:nether_brick_slab[type=bottom,waterlogged=false]
0,1076,20,883,minecraft:nether_brick_slab[type=bottom,waterlogged=false]
1,1110,20,883,minecraft:nether_brick_slab[type=bottom,waterlogged=false]
1,1113,20,883,minecraft:nether_brick_slab[type=top,waterlogged=false]
1,1115,20,883,minecraft:nether_brick_slab[type=bottom,waterlogged=false]
1,1111,20,884,minecraft:nether_brick_slab[type=bottom,waterlogged=false]
1,1112,20,884,minecraft:nether_brick_slab[type=bottom,waterlogged=false]
1,1113,20,884,minecraft:nether_brick_slab[type=bottom,waterlogged=false]
1,1114,20,884,minecraft:nether_brick_slab[type=bottom,waterlogged=false]
1,1115,20,884,minecraft:nether_brick_slab[type=bottom,waterlogged=false]
1,1116,20,884,minecraft:nether_brick_slab[type=bottom,waterlogged=false]
1,1109,20,885,minecraft:nether_brick_slab[type=bottom,waterlogged=false]
1,1110,20,885,minecraft:nether_brick_slab[type=bottom,waterlogged=false]
1,1109,20,886,minecraft:nether_brick_slab[type=bottom,waterlogged=false]
1,1110,20,886,minecraft:nether_brick_slab[type=bottom,waterlogged=false]
1,1111,20,886,minecraft:nether_brick_slab[type=bottom,waterlogged=false]
1,1112,20,887,minecraft:nether_brick_slab[type=bottom,waterlogged=false]
0,1070,21,874,minecraft:nether_brick_slab[type=top,waterlogged=false]
0,1071,21,874,minecraft:nether_brick_slab[type=top,waterlogged=false]
0,1073,21,874,minecraft:nether_brick_slab[type=top,waterlogged=false]
0,1075,21,874,minecraft:nether_brick_slab[type=bottom,waterlogged=false]
0,1070,21,875,minecraft:nether_brick_slab[type=top,waterlogged=false]
0,1073,21,875,minecraft:nether_brick_slab[type=top,waterlogged=false]
0,1074,21,875,minecraft:nether_brick_slab[type=top,waterlogged=false]
0,1075,21,875,minecraft:nether_brick_slab[type=bottom,waterlogged=false]
0,1076,21,875,minecraft:nether_brick_slab[type=bottom,waterlogged=false]
0,1077,21,875,minecraft:nether_brick_slab[type=bottom,waterlogged=false]
0,1068,21,876,minecraft:nether_brick_slab[type=top,waterlogged=false]
0,1069,21,876,minecraft:nether_brick_slab[type=top,waterlogged=false]
0,1071,21,876,minecraft:nether_brick_slab[type=top,waterlogged=false]
0,1072,21,876,minecraft:nether_brick_slab[type=top,waterlogged=false]
0,1073,21,876,minecraft:nether_brick_slab[type=top,waterlogged=false]
0,1075,21,876,minecraft:nether_brick_slab[type=bottom,waterlogged=false]
0,1068,21,877,minecraft:nether_brick_slab[type=top,waterlogged=false]
0,1070,21,877,minecraft:nether_brick_slab[type=top,waterlogged=false]
0,1071,21,877,minecraft:nether_brick_slab[type=bottom,waterlogged=false]
0,1073,21,877,minecraft:nether_brick_slab[type=top,waterlogged=false]
0,1074,21,877,minecraft:nether_brick_slab[type=bottom,waterlogged=false]
0,1075,21,877,minecraft:nether_brick_slab[type=top,waterlogged=false]
0,1068,21,878,minecraft:nether_brick_slab[type=bottom,waterlogged=false]
0,1071,21,878,minecraft:nether_brick_slab[type=bottom,waterlogged=false]
0,1073,21,878,minecraft:nether_brick_slab[type=top,waterlogged=false]
0,1075,21,878,minecraft:nether_brick_slab[type=top,waterlogged=false]
0,1077,21,878,minecraft:nether_brick_slab[type=bottom,waterlogged=false]
0,1068,21,879,minecraft:nether_brick_slab[type=bottom,waterlogged=false]
0,1070,21,879,minecraft:nether_brick_slab[type=top,waterlogged=false]
0,1071,21,879,minecraft:nether_brick_slab[type=top,waterlogged=false]
0,1072,21,879,minecraft:nether_brick_slab[type=bottom,waterlogged=false]
0,1073,21,879,minecraft:nether_brick_slab[type=double,waterlogged=false]
0,1075,21,879,minecraft:nether_brick_slab[type=top,waterlogged=false]
0,1077,21,879,minecraft:nether_brick_slab[type=bottom,waterlogged=false]
0,1068,21,880,minecraft:nether_brick_slab[type=top,waterlogged=false]
0,1069,21,880,minecraft:nether_brick_slab[type=top,waterlogged=false]
0,1070,21,880,minecraft:nether_brick_slab[type=top,waterlogged=false]
0,1071,21,880,minecraft:nether_brick_slab[type=bottom,waterlogged=false]
0,1075,21,880,minecraft:nether_brick_slab[type=double,waterlogged=false]
0,1076,21,880,minecraft:nether_brick_slab[type=bottom,waterlogged=false]
0,1069,21,881,minecraft:nether_brick_slab[type=top,waterlogged=false]
0,1071,21,881,minecraft:nether_brick_slab[type=bottom,waterlogged=false]
0,1075,21,881,minecraft:nether_brick_slab[type=bottom,waterlogged=false]
0,1069,21,882,minecraft:nether_brick_slab[type=bottom,waterlogged=false]
0,1070,21,882,minecraft:nether_brick_slab[type=top,waterlogged=false]
0,1071,21,882,minecraft:nether_brick_slab[type=top,waterlogged=false]
0,1072,21,882,minecraft:nether_brick_slab[type=bottom,waterlogged=false]
0,1071,21,883,minecraft:nether_brick_slab[type=bottom,waterlogged=false]
0,1070,22,876,minecraft:nether_brick_slab[type=bottom,waterlogged=false]
0,1068,22,877,minecraft:nether_brick_slab[type=bottom,waterlogged=false]
0,1068,22,878,minecraft:nether_brick_slab[type=bottom,waterlogged=false]
0,1069,22,878,minecraft:nether_brick_slab[type=bottom,waterlogged=false]
