vein,index,x,y,z
0,0,1091,14,904
0,1,1090,14,904
0,2,1089,14,904
0,3,1089,14,903
0,4,1089,14,902
0,5,1088,14,902
0,6,1087,14,902
0,7,1087,14,903
0,8,1086,14,903
0,9,1085,14,903
0,10,1085,14,904
0,11,1085,14,905
0,12,1085,14,906
0,13,1085,14,907
0,14,1086,14,907
0,15,1086,14,908
1,0,1079,14,905
1,1,1080,14,905
1,2,1080,14,906
1,3,1080,14,907
1,4,1079,14,907
1,5,1078,14,907
1,6,1078,14,908
1,7,1078,14,909
1,8,1078,14,910
1,9,1078,14,911
1,10,1078,14,912
1,11,1079,14,912
1,12,1080,14,912
1,13,1081,14,912
1,14,1081,14,913
2,0,1078,14,897
2,1,1077,14,897
2,2,1076,14,897
2,3,1075,14,897
2,4,1074,14,897
2,5,1073,14,897
2,6,1072,14,897
2,7,1071,14,897
2,8,1070,14,897
2,9,1070,14,898
2,10,1069,14,898
2,11,1068,14,898
2,12,1067,14,898
2,13,1066,14,898
2,14,1066,14,897
2,15,1065,14,897
2,16,1064,14,897
3,0,1080,14,884
3,1,1080,14,883
3,2,1081,14,883
3,3,1082,14,883
3,4,1082,14,882
3,5,1082,14,881
3,6,1082,14,880
3,7,1083,14,880
3,8,1084,14,880
3,9,1084,14,879
3,10,1084,14,878
3,11,1085,14,878
3,12,1086,14,878
3,13,1086,14,877
3,14,1086,14,876
3,15,1086,14,875
3,16,1086,14,874
3,17,1086,14,873
4,0,1086,14,883
4,1,1087,14,883
4,2,1087,14,882
4,3,1087,14,881
4,4,1088,14,881
4,5,1089,14,881
4,6,1089,14,880
4,7,1089,14,879
4,8,1090,14,879
4,9,1090,14,878
4,10,1090,14,877
4,11,1091,14,877
4,12,1091,14,876
4,13,1091,14,875
4,14,1091,14,874
4,15,1091,14,873
5,0,1100,14,884
5,1,1101,14,884
5,2,1102,14,884
5,3,1102,14,883
5,4,1102,14,882
5,5,1102,14,881
5,6,1101,14,881
5,7,1100,14,881
5,8,1099,14,881
5,9,1099,14,880
5,10,1099,14,879
5,11,1098,14,879
5,12,1097,14,879
5,13,1097,14,878
5,14,1097,14,877
5,15,1096,14,877
5,16,1095,14,877
5,17,1095,14,876
5,18,1095,14,875
6,0,1100,14,891
6,1,1101,14,891
6,2,1101,14,892
6,3,1101,14,893
6,4,1102,14,893
6,5,1103,14,893
6,6,1104,14,893
6,7,1105,14,893
6,8,1105,14,894
6,9,1105,14,895
6,10,1106,14,895
6,11,1106,14,896
6,12,1106,14,897
6,13,1107,14,897
6,14,1108,14,897
6,15,1109,14,897
6,16,1109,14,898
6,17,1109,14,899
6,18,1110,14,899
6,19,1111,14,899
